[  
   {  
      "type":"annotation",
      "createdBy":"blitoff",
      "createdDate":"2019-03-15T07:02:25.597+0000",
      "lastModifiedBy":"blitoff",
      "lastModifiedDate":"2019-03-15T07:24:28.798+0000",
      "entityId":"adc6f275-e7df-4e52-89af-8b561ec7fde1",
      "dataModel":"RESOURCE",
      "organizationName":"test-org1",
      "resourceName":"test1",
      "resourceObject":"ANNOTATION",
      "resourceType":null,
      "assigned":false,
      "status":"Available",
      "assignedTo":"",
      "geometry":"{\"type\":\"Point\",\"coordinates\":[-76.9754469,38.94200575]}",
      "properties":{  
         "color":"",
         "capabilities":{  
            "":""
         }
      },
      "address":{  
         "dateFirstReported":null,
         "dateLastReported":null,
         "streetAddress1":"2010, Upshur St NE",
         "streetAddress2":"",
         "city":"Washington",
         "zip":"20018-3244",
         "state":"DC",
         "county":"",
         "geocodedAddress":null,
         "locationId":null,
         "poBox":false,
         "searchAddress":false,
         "sourceType":"UNKNOWN"
      },
      "annotationType":"Public",
      "annotationDesc":"test1"
   },
   {  
      "type":"annotation",
      "createdBy":"blitoff",
      "createdDate":"2019-03-15T07:20:17.543+0000",
      "lastModifiedBy":"blitoff",
      "lastModifiedDate":"2019-03-15T07:20:39.540+0000",
      "entityId":"217c048b-987a-4cdb-953c-34a66b98a872",
      "dataModel":"RESOURCE",
      "organizationName":"test-org1",
      "resourceName":"vignesh annotation",
      "resourceObject":"ANNOTATION",
      "resourceType":null,
      "assigned":false,
      "status":"NotAvailable",
      "assignedTo":"594c5106-a1a0-413a-bedd-b6abde26b6ce",
      "geometry":"{\"type\":\"Point\",\"coordinates\":[-75.1796767,39.954392]}",
      "properties":{  
         "color":"",
         "capabilities":{  
            "":""
         }
      },
      "address":{  
         "dateFirstReported":null,
         "dateLastReported":null,
         "streetAddress1":"Market St & 24th St - MBFS",
         "streetAddress2":"",
         "city":"Philadelphia",
         "zip":"19103",
         "state":"PA",
         "county":"Philadelphia County",
         "geocodedAddress":null,
         "locationId":null,
         "poBox":false,
         "searchAddress":false,
         "sourceType":"UNKNOWN"
      },
      "annotationType":"Public",
      "annotationDesc":"vignesh annotation"
   }
]