[{
  "createdBy": "blitoff",
  "createdDate": "2019-05-14T16:39:14.460+0000",
  "lastModifiedBy": "blitoff",
  "lastModifiedDate": "2019-03-15T07:02:34.475+0000",
  "entityId": "acc0a104-eb60-4fad-aa9b-c9a0fdab0eff",
  "dataModel": "EVENT",
  "creator": "blitoff",
  "eventName": "sample",
  "organizationName": "test-org1",
  "address": {
    "dateFirstReported": null,
    "dateLastReported": null,
    "streetAddress1": "",
    "streetAddress2": "",
    "city": "Chicago",
    "zip": "",
    "state": "IL",
    "county": "Cook County",
    "geocodedAddress": null,
    "locationId": null,
    "poBox": false,
    "searchAddress": false,
    "sourceType": "UNKNOWN"
  },
  "eventNotes": [{
    "createdBy": null,
    "createdDate": null,
    "lastModifiedBy": null,
    "lastModifiedDate": null,
    "entityId": "acc0a104-eb60-4fad-aa9b-c9a0fdab0eff",
    "eventName": "sample",
    "creator": "blitoff",
    "comment": "sample"
  }],
  "eventDesc": "sample",
  "closedOn": "2019-03-15T07:02:34.473+0000",
  "assignedResources": null,
  "assignedAnnotations": null,
  "contributors": null,
  "absorbes": null,
  "absorber": null,
  "geometry": "{\"type\":\"Point\",\"coordinates\":[-87.629798,41.878114]}",
  "properties": {
    "stroke-opacity": 1,
    "msdsKeywords": [""],
    "stroke-width": 0,
    "fill": "",
    "stroke": "",
    "fill-opacity": 0.35,
    "socialMediaKeywords": [""],
    "eventDate": ""
  },
  "attachedFilesId": null,
  "type": "Event",
  "status": "STARTED",
  "memberOf": null,
  "priority": "low",
  "intrepidId": null,
  "eventType": "ACCIDENT",
  "deleted": false,
  "owner": "EAS-USER"
}, {
  "createdBy": "blitoff",
  "createdDate": "2019-04-15T16:39:14.460+0000",
  "lastModifiedBy": "blitoff",
  "lastModifiedDate": "2019-03-15T07:02:34.475+0000",
  "entityId": "acc0a104-eb60-4fad-aa9b-c9a0fdab0eff",
  "dataModel": "EVENT",
  "creator": "blitoff",
  "eventName": "sample",
  "organizationName": "test-org1",
  "address": {
    "dateFirstReported": null,
    "dateLastReported": null,
    "streetAddress1": "",
    "streetAddress2": "",
    "city": "Chicago",
    "zip": "",
    "state": "IL",
    "county": "Cook County",
    "geocodedAddress": null,
    "locationId": null,
    "poBox": false,
    "searchAddress": false,
    "sourceType": "UNKNOWN"
  },
  "eventNotes": [{
    "createdBy": null,
    "createdDate": null,
    "lastModifiedBy": null,
    "lastModifiedDate": null,
    "entityId": "acc0a104-eb60-4fad-aa9b-c9a0fdab0eff",
    "eventName": "sample",
    "creator": "blitoff",
    "comment": "sample"
  }],
  "eventDesc": "sample",
  "closedOn": "2019-08-15T07:02:34.473+0000",
  "assignedResources": null,
  "assignedAnnotations": null,
  "contributors": null,
  "absorbes": null,
  "absorber": null,
  "geometry": "{\"type\":\"Point\",\"coordinates\":[-87.629798,41.878114]}",
  "properties": {
    "stroke-opacity": 1,
    "msdsKeywords": [""],
    "stroke-width": 0,
    "fill": "",
    "stroke": "",
    "fill-opacity": 0.35,
    "socialMediaKeywords": [""],
    "eventDate": ""
  },
  "attachedFilesId": null,
  "type": "Event",
  "status": "STARTED",
  "memberOf": null,
  "priority": "low",
  "intrepidId": null,
  "eventType": "ACCIDENT",
  "deleted": false,
  "owner": "EAS-USER"
},
{
  "createdBy": "blitoff",
  "createdDate": "2019-05-13T16:39:14.460+0000",
  "lastModifiedBy": "blitoff",
  "lastModifiedDate": "2019-03-15T07:02:34.475+0000",
  "entityId": "acc0a104-eb60-4fad-aa9b-c9a0fdab0eff",
  "dataModel": "EVENT",
  "creator": "blitoff",
  "eventName": "sample",
  "organizationName": "test-org1",
  "address": {
    "dateFirstReported": null,
    "dateLastReported": null,
    "streetAddress1": "",
    "streetAddress2": "",
    "city": "Chicago",
    "zip": "",
    "state": "IL",
    "county": "Cook County",
    "geocodedAddress": null,
    "locationId": null,
    "poBox": false,
    "searchAddress": false,
    "sourceType": "UNKNOWN"
  },
  "eventNotes": [{
    "createdBy": null,
    "createdDate": null,
    "lastModifiedBy": null,
    "lastModifiedDate": null,
    "entityId": "acc0a104-eb60-4fad-aa9b-c9a0fdab0eff",
    "eventName": "sample",
    "creator": "blitoff",
    "comment": "sample"
  }],
  "eventDesc": "sample",
  "closedOn": "2019-03-15T07:02:34.473+0000",
  "assignedResources": null,
  "assignedAnnotations": null,
  "contributors": null,
  "absorbes": null,
  "absorber": null,
  "geometry": "{\"type\":\"Point\",\"coordinates\":[-87.629798,41.878114]}",
  "properties": {
    "stroke-opacity": 1,
    "msdsKeywords": [""],
    "stroke-width": 0,
    "fill": "",
    "stroke": "",
    "fill-opacity": 0.35,
    "socialMediaKeywords": [""],
    "eventDate": ""
  },
  "attachedFilesId": null,
  "type": "Event",
  "status": "STARTED",
  "memberOf": null,
  "priority": "low",
  "intrepidId": null,
  "eventType": "ACCIDENT",
  "deleted": false,
  "owner": "EAS-USER"
},
{
  "createdBy": "blitoff",
  "createdDate": "2019-05-15T16:39:14.694+0000",
  "lastModifiedBy": "blitoff",
  "lastModifiedDate": "2019-03-15T07:29:42.382+0000",
  "entityId": "64c0b3ef-da8c-4aad-b256-fcee5de8e208",
  "dataModel": "EVENT",
  "creator": "blitoff",
  "eventName": "sample",
  "organizationName": "test-org1",
  "address": {
    "dateFirstReported": null,
    "dateLastReported": null,
    "streetAddress1": "",
    "streetAddress2": "",
    "city": "Chicago",
    "zip": "",
    "state": "IL",
    "county": "Cook County",
    "geocodedAddress": null,
    "locationId": null,
    "poBox": false,
    "searchAddress": false,
    "sourceType": "UNKNOWN"
  },
  "eventNotes": [{
    "createdBy": null,
    "createdDate": null,
    "lastModifiedBy": null,
    "lastModifiedDate": null,
    "entityId": "64c0b3ef-da8c-4aad-b256-fcee5de8e208",
    "eventName": "sample",
    "creator": "blitoff",
    "comment": "sample"
  }],
  "eventDesc": "sample",
  "closedOn": "2019-03-15T07:01:59.100+0000",
  "assignedResources": [],
  "assignedAnnotations": null,
  "contributors": null,
  "absorbes": null,
  "absorber": null,
  "geometry": "{\"type\":\"Point\",\"coordinates\":[-87.629798,41.878114]}",
  "properties": {
    "stroke-opacity": 1,
    "msdsKeywords": [""],
    "stroke-width": 0,
    "fill": "",
    "stroke": "",
    "fill-opacity": 0.35,
    "socialMediaKeywords": [""],
    "eventDate": ""
  },
  "attachedFilesId": null,
  "type": "Event",
  "status": "TERMINATED",
  "memberOf": null,
  "priority": "low",
  "intrepidId": null,
  "eventType": "ACCIDENT",
  "deleted": false,
  "owner": "EAS-USER"
},
{
  "createdBy": "blitoff",
  "createdDate": "2019-05-14T16:39:14.694+0000",
  "lastModifiedBy": "blitoff",
  "lastModifiedDate": "2019-03-15T07:29:42.382+0000",
  "entityId": "64c0b3ef-da8c-4aad-b256-fcee5de8e208",
  "dataModel": "EVENT",
  "creator": "blitoff",
  "eventName": "sample",
  "organizationName": "test-org1",
  "address": {
    "dateFirstReported": null,
    "dateLastReported": null,
    "streetAddress1": "",
    "streetAddress2": "",
    "city": "Chicago",
    "zip": "",
    "state": "IL",
    "county": "Cook County",
    "geocodedAddress": null,
    "locationId": null,
    "poBox": false,
    "searchAddress": false,
    "sourceType": "UNKNOWN"
  },
  "eventNotes": [{
    "createdBy": null,
    "createdDate": null,
    "lastModifiedBy": null,
    "lastModifiedDate": null,
    "entityId": "64c0b3ef-da8c-4aad-b256-fcee5de8e208",
    "eventName": "sample",
    "creator": "blitoff",
    "comment": "sample"
  }],
  "eventDesc": "sample",
  "closedOn": "2019-03-15T07:01:59.100+0000",
  "assignedResources": [],
  "assignedAnnotations": null,
  "contributors": null,
  "absorbes": null,
  "absorber": null,
  "geometry": "{\"type\":\"Point\",\"coordinates\":[-87.629798,41.878114]}",
  "properties": {
    "stroke-opacity": 1,
    "msdsKeywords": [""],
    "stroke-width": 0,
    "fill": "",
    "stroke": "",
    "fill-opacity": 0.35,
    "socialMediaKeywords": [""],
    "eventDate": ""
  },
  "attachedFilesId": null,
  "type": "Event",
  "status": "TERMINATED",
  "memberOf": null,
  "priority": "low",
  "intrepidId": null,
  "eventType": "ACCIDENT",
  "deleted": false,
  "owner": "EAS-USER"
},
{
  "createdBy": "blitoff",
  "createdDate": "2019-05-16T16:39:14.694+0000",
  "lastModifiedBy": "blitoff",
  "lastModifiedDate": "2019-03-15T07:29:42.382+0000",
  "entityId": "64c0b3ef-da8c-4aad-b256-fcee5de8e208",
  "dataModel": "EVENT",
  "creator": "blitoff",
  "eventName": "sample",
  "organizationName": "test-org1",
  "address": {
    "dateFirstReported": null,
    "dateLastReported": null,
    "streetAddress1": "",
    "streetAddress2": "",
    "city": "Chicago",
    "zip": "",
    "state": "IL",
    "county": "Cook County",
    "geocodedAddress": null,
    "locationId": null,
    "poBox": false,
    "searchAddress": false,
    "sourceType": "UNKNOWN"
  },
  "eventNotes": [{
    "createdBy": null,
    "createdDate": null,
    "lastModifiedBy": null,
    "lastModifiedDate": null,
    "entityId": "64c0b3ef-da8c-4aad-b256-fcee5de8e208",
    "eventName": "sample",
    "creator": "blitoff",
    "comment": "sample"
  }],
  "eventDesc": "sample",
  "closedOn": "2019-05-15T07:01:59.100+0000",
  "assignedResources": [],
  "assignedAnnotations": null,
  "contributors": null,
  "absorbes": null,
  "absorber": null,
  "geometry": "{\"type\":\"Point\",\"coordinates\":[-87.629798,41.878114]}",
  "properties": {
    "stroke-opacity": 1,
    "msdsKeywords": [""],
    "stroke-width": 0,
    "fill": "",
    "stroke": "",
    "fill-opacity": 0.35,
    "socialMediaKeywords": [""],
    "eventDate": ""
  },
  "attachedFilesId": null,
  "type": "Event",
  "status": "TERMINATED",
  "memberOf": null,
  "priority": "low",
  "intrepidId": null,
  "eventType": "ACCIDENT",
  "deleted": false,
  "owner": "EAS-USER"
},
{
  "createdBy": "blitoff",
  "createdDate": "2019-05-18T16:16:14.694+0000",
  "lastModifiedBy": "blitoff",
  "lastModifiedDate": "2019-03-15T07:29:42.382+0000",
  "entityId": "64c0b3ef-da8c-4aad-b256-fcee5de8e208",
  "dataModel": "EVENT",
  "creator": "blitoff",
  "eventName": "sample",
  "organizationName": "test-org1",
  "address": {
    "dateFirstReported": null,
    "dateLastReported": null,
    "streetAddress1": "",
    "streetAddress2": "",
    "city": "Chicago",
    "zip": "",
    "state": "IL",
    "county": "Cook County",
    "geocodedAddress": null,
    "locationId": null,
    "poBox": false,
    "searchAddress": false,
    "sourceType": "UNKNOWN"
  },
  "eventNotes": [{
    "createdBy": null,
    "createdDate": null,
    "lastModifiedBy": null,
    "lastModifiedDate": null,
    "entityId": "64c0b3ef-da8c-4aad-b256-fcee5de8e208",
    "eventName": "sample",
    "creator": "blitoff",
    "comment": "sample"
  }],
  "eventDesc": "sample",
  "closedOn": "2019-03-15T07:01:59.100+0000",
  "assignedResources": [],
  "assignedAnnotations": null,
  "contributors": null,
  "absorbes": null,
  "absorber": null,
  "geometry": "{\"type\":\"Point\",\"coordinates\":[-87.629798,41.878114]}",
  "properties": {
    "stroke-opacity": 1,
    "msdsKeywords": [""],
    "stroke-width": 0,
    "fill": "",
    "stroke": "",
    "fill-opacity": 0.35,
    "socialMediaKeywords": [""],
    "eventDate": ""
  },
  "attachedFilesId": null,
  "type": "Predefined Event",
  "status": "STARTED",
  "memberOf": null,
  "priority": "low",
  "intrepidId": null,
  "eventType": "ACCIDENT",
  "deleted": true,
  "owner": "EAS-USER"
},
{
  "createdBy": "blitoff",
  "createdDate": "2019-01-19T16:16:14.694+0000",
  "lastModifiedBy": "blitoff",
  "lastModifiedDate": "2019-03-15T07:29:42.382+0000",
  "entityId": "64c0b3ef-da8c-4aad-b256-fcee5de8e208",
  "dataModel": "EVENT",
  "creator": "blitoff",
  "eventName": "sample",
  "organizationName": "test-org1",
  "address": {
    "dateFirstReported": null,
    "dateLastReported": null,
    "streetAddress1": "",
    "streetAddress2": "",
    "city": "Chicago",
    "zip": "",
    "state": "IL",
    "county": "Cook County",
    "geocodedAddress": null,
    "locationId": null,
    "poBox": false,
    "searchAddress": false,
    "sourceType": "UNKNOWN"
  },
  "eventNotes": [{
    "createdBy": null,
    "createdDate": null,
    "lastModifiedBy": null,
    "lastModifiedDate": null,
    "entityId": "64c0b3ef-da8c-4aad-b256-fcee5de8e208",
    "eventName": "sample",
    "creator": "blitoff",
    "comment": "sample"
  }],
  "eventDesc": "sample",
  "closedOn": "2019-03-15T07:01:59.100+0000",
  "assignedResources": [],
  "assignedAnnotations": null,
  "contributors": null,
  "absorbes": null,
  "absorber": null,
  "geometry": "{\"type\":\"Point\",\"coordinates\":[-87.629798,41.878114]}",
  "properties": {
    "stroke-opacity": 1,
    "msdsKeywords": [""],
    "stroke-width": 0,
    "fill": "",
    "stroke": "",
    "fill-opacity": 0.35,
    "socialMediaKeywords": [""],
    "eventDate": ""
  },
  "attachedFilesId": null,
  "type": "Predefined Event",
  "status": "STARTED",
  "memberOf": null,
  "priority": "low",
  "intrepidId": null,
  "eventType": "ACCIDENT",
  "deleted": true,
  "owner": "EAS-USER"
},
{
  "createdBy": "blitoff",
  "createdDate": "2019-08-14T16:16:14.694+0000",
  "lastModifiedBy": "blitoff",
  "lastModifiedDate": "2019-03-15T07:29:42.382+0000",
  "entityId": "64c0b3ef-da8c-4aad-b256-fcee5de8e208",
  "dataModel": "EVENT",
  "creator": "blitoff",
  "eventName": "sample",
  "organizationName": "test-org1",
  "address": {
    "dateFirstReported": null,
    "dateLastReported": null,
    "streetAddress1": "",
    "streetAddress2": "",
    "city": "Chicago",
    "zip": "",
    "state": "IL",
    "county": "Cook County",
    "geocodedAddress": null,
    "locationId": null,
    "poBox": false,
    "searchAddress": false,
    "sourceType": "UNKNOWN"
  },
  "eventNotes": [{
    "createdBy": null,
    "createdDate": null,
    "lastModifiedBy": null,
    "lastModifiedDate": null,
    "entityId": "64c0b3ef-da8c-4aad-b256-fcee5de8e208",
    "eventName": "sample",
    "creator": "blitoff",
    "comment": "sample"
  }],
  "eventDesc": "sample",
  "closedOn": "2019-09-15T07:01:59.100+0000",
  "assignedResources": [],
  "assignedAnnotations": null,
  "contributors": null,
  "absorbes": null,
  "absorber": null,
  "geometry": "{\"type\":\"Point\",\"coordinates\":[-87.629798,41.878114]}",
  "properties": {
    "stroke-opacity": 1,
    "msdsKeywords": [""],
    "stroke-width": 0,
    "fill": "",
    "stroke": "",
    "fill-opacity": 0.35,
    "socialMediaKeywords": [""],
    "eventDate": ""
  },
  "attachedFilesId": null,
  "type": "Predefined Event",
  "status": "STARTED",
  "memberOf": null,
  "priority": "low",
  "intrepidId": null,
  "eventType": "ACCIDENT",
  "deleted": true,
  "owner": "EAS-USER"
},
{
  "createdBy": "blitoff",
  "createdDate": "2019-01-10T16:40:14.460+0000",
  "lastModifiedBy": "blitoff",
  "lastModifiedDate": "2019-03-15T07:02:34.475+0000",
  "entityId": "acc0a104-eb60-4fad-aa9b-c9a0fdab0eff",
  "dataModel": "EVENT",
  "creator": "blitoff",
  "eventName": "sample",
  "organizationName": "test-org1",
  "address": {
    "dateFirstReported": null,
    "dateLastReported": null,
    "streetAddress1": "",
    "streetAddress2": "",
    "city": "Chicago",
    "zip": "",
    "state": "IL",
    "county": "Cook County",
    "geocodedAddress": null,
    "locationId": null,
    "poBox": false,
    "searchAddress": false,
    "sourceType": "UNKNOWN"
  },
  "eventNotes": [{
    "createdBy": null,
    "createdDate": null,
    "lastModifiedBy": null,
    "lastModifiedDate": null,
    "entityId": "acc0a104-eb60-4fad-aa9b-c9a0fdab0eff",
    "eventName": "sample",
    "creator": "blitoff",
    "comment": "sample"
  }],
  "eventDesc": "sample",
  "closedOn": "2019-03-15T07:02:34.473+0000",
  "assignedResources": null,
  "assignedAnnotations": null,
  "contributors": null,
  "absorbes": null,
  "absorber": null,
  "geometry": "{\"type\":\"Point\",\"coordinates\":[-87.629798,41.878114]}",
  "properties": {
    "stroke-opacity": 1,
    "msdsKeywords": [""],
    "stroke-width": 0,
    "fill": "",
    "stroke": "",
    "fill-opacity": 0.35,
    "socialMediaKeywords": [""],
    "eventDate": ""
  },
  "attachedFilesId": null,
  "type": "Event",
  "status": "TERMINATED",
  "memberOf": null,
  "priority": "low",
  "intrepidId": null,
  "eventType": "ACCIDENT",
  "deleted": true,
  "owner": "EAS-USER"
},
{
  "createdBy": "blitoff",
  "createdDate": "2019-01-01T16:40:14.460+0000",
  "lastModifiedBy": "blitoff",
  "lastModifiedDate": "2019-03-15T07:02:34.475+0000",
  "entityId": "acc0a104-eb60-4fad-aa9b-c9a0fdab0eff",
  "dataModel": "EVENT",
  "creator": "blitoff",
  "eventName": "sample",
  "organizationName": "test-org1",
  "address": {
    "dateFirstReported": null,
    "dateLastReported": null,
    "streetAddress1": "",
    "streetAddress2": "",
    "city": "Chicago",
    "zip": "",
    "state": "IL",
    "county": "Cook County",
    "geocodedAddress": null,
    "locationId": null,
    "poBox": false,
    "searchAddress": false,
    "sourceType": "UNKNOWN"
  },
  "eventNotes": [{
    "createdBy": null,
    "createdDate": null,
    "lastModifiedBy": null,
    "lastModifiedDate": null,
    "entityId": "acc0a104-eb60-4fad-aa9b-c9a0fdab0eff",
    "eventName": "sample",
    "creator": "blitoff",
    "comment": "sample"
  }],
  "eventDesc": "sample",
  "closedOn": "2019-03-15T07:02:34.473+0000",
  "assignedResources": null,
  "assignedAnnotations": null,
  "contributors": null,
  "absorbes": null,
  "absorber": null,
  "geometry": "{\"type\":\"Point\",\"coordinates\":[-87.629798,41.878114]}",
  "properties": {
    "stroke-opacity": 1,
    "msdsKeywords": [""],
    "stroke-width": 0,
    "fill": "",
    "stroke": "",
    "fill-opacity": 0.35,
    "socialMediaKeywords": [""],
    "eventDate": ""
  },
  "attachedFilesId": null,
  "type": "Event",
  "status": "TERMINATED",
  "memberOf": null,
  "priority": "low",
  "intrepidId": null,
  "eventType": "ACCIDENT",
  "deleted": true,
  "owner": "EAS-USER"
},
{
  "createdBy": "blitoff",
  "createdDate": "2019-08-14T16:40:14.460+0000",
  "lastModifiedBy": "blitoff",
  "lastModifiedDate": "2019-03-15T07:02:34.475+0000",
  "entityId": "acc0a104-eb60-4fad-aa9b-c9a0fdab0eff",
  "dataModel": "EVENT",
  "creator": "blitoff",
  "eventName": "sample",
  "organizationName": "test-org1",
  "address": {
    "dateFirstReported": null,
    "dateLastReported": null,
    "streetAddress1": "",
    "streetAddress2": "",
    "city": "Chicago",
    "zip": "",
    "state": "IL",
    "county": "Cook County",
    "geocodedAddress": null,
    "locationId": null,
    "poBox": false,
    "searchAddress": false,
    "sourceType": "UNKNOWN"
  },
  "eventNotes": [{
    "createdBy": null,
    "createdDate": null,
    "lastModifiedBy": null,
    "lastModifiedDate": null,
    "entityId": "acc0a104-eb60-4fad-aa9b-c9a0fdab0eff",
    "eventName": "sample",
    "creator": "blitoff",
    "comment": "sample"
  }],
  "eventDesc": "sample",
  "closedOn": "2019-03-15T07:02:34.473+0000",
  "assignedResources": null,
  "assignedAnnotations": null,
  "contributors": null,
  "absorbes": null,
  "absorber": null,
  "geometry": "{\"type\":\"Point\",\"coordinates\":[-87.629798,41.878114]}",
  "properties": {
    "stroke-opacity": 1,
    "msdsKeywords": [""],
    "stroke-width": 0,
    "fill": "",
    "stroke": "",
    "fill-opacity": 0.35,
    "socialMediaKeywords": [""],
    "eventDate": ""
  },
  "attachedFilesId": null,
  "type": "Event",
  "status": "TERMINATED",
  "memberOf": null,
  "priority": "low",
  "intrepidId": null,
  "eventType": "ACCIDENT",
  "deleted": true,
  "owner": "EAS-USER"
}
]