{
  "socialMediaPosts" : [ {
    "statusId" : "1108354526115827712",
    "text" : "@paperdoll64 Wasn't sure if this was the kind of fire that you desired but I gave some effort!!!  Hahaha",
    "url" : null,
    "userName" : "Stephen63234158",
    "profileImageUrl" : "http://pbs.twimg.com/profile_images/1106963026287230976/IQjoCBDs_normal.jpg",
    "postedTime" : "3/20/19 1:08 PM"
  }, {
    "statusId" : "1108354435623849984",
    "text" : "@DetLionsGuru @wsantangeli @regularbarnett Oh I'm a Kyler Fan, my team is another.....dumpster fire \uD83D\uDE16",
    "url" : null,
    "userName" : "Lennyfrigginleo",
    "profileImageUrl" : "http://pbs.twimg.com/profile_images/1106276845127905280/xSWQUF0h_normal.jpg",
    "postedTime" : "3/20/19 1:07 PM"
  }, {
    "statusId" : "1108354359035944964",
    "text" : ".@Disney please don't fire me https://t.co/RTT6is6WPL",
    "url" : null,
    "userName" : "itisbrittanys",
    "profileImageUrl" : "http://pbs.twimg.com/profile_images/2365863603/cg8b6bdj32uyd5hnjaol_normal.jpeg",
    "postedTime" : "3/20/19 1:07 PM"
  }, {
    "statusId" : "1108354142790127618",
    "text" : "New report says Baltimore fire department spent its entire fiscal year overtime budget https://t.co/ik37sheROf https://t.co/mMweUYCHdc",
    "url" : "http://bit.ly/2Jp9zZb",
    "userName" : "wbaltv11",
    "profileImageUrl" : "http://pbs.twimg.com/profile_images/956547306630742016/wzqdScj6_normal.jpg",
    "postedTime" : "3/20/19 1:06 PM"
  }, {
    "statusId" : "1108354112939270148",
    "text" : "Still true https://t.co/3nzNealQu0",
    "url" : "https://twitter.com/joshtronic/status/1107870563601731584",
    "userName" : "papa_fire",
    "profileImageUrl" : "http://pbs.twimg.com/profile_images/1007073959161016320/jvT7SkzX_normal.jpg",
    "postedTime" : "3/20/19 1:06 PM"
  }, {
    "statusId" : "1108354065942151170",
    "text" : "Listening to James Baldwin’s “The Fire Next Time” on the Metro and seeing Steve King’s continued and unchecked raci… https://t.co/sxSMzFm3QK",
    "url" : "https://twitter.com/i/web/status/1108354065942151170",
    "userName" : "ReadColleenK",
    "profileImageUrl" : "http://pbs.twimg.com/profile_images/1057845599691829248/aKzOSqb6_normal.jpg",
    "postedTime" : "3/20/19 1:06 PM"
  }, {
    "statusId" : "1108353865861103621",
    "text" : "John 8:42 King James Version \n42 Jesus said unto them, If God were your Father, ye would love me: for I proceeded f… https://t.co/pEXebIZewE",
    "url" : "https://twitter.com/i/web/status/1108353865861103621",
    "userName" : "womanofpraisequ",
    "profileImageUrl" : "http://pbs.twimg.com/profile_images/437368138489794560/yfMqoIdZ_normal.jpeg",
    "postedTime" : "3/20/19 1:05 PM"
  }, {
    "statusId" : "1108353863160090625",
    "text" : "@jdawsey1 Shitshow. Dumpster fire.",
    "url" : null,
    "userName" : "kittykittykia",
    "profileImageUrl" : "http://pbs.twimg.com/profile_images/1071581542038859776/P5VdD2XS_normal.jpg",
    "postedTime" : "3/20/19 1:05 PM"
  }, {
    "statusId" : "1108353725540827141",
    "text" : "Revelation 1:14 - His head and [his] hairs [were] white like wool, as white as snow; and his eyes [were] as a flame of fire;",
    "url" : null,
    "userName" : "ScottBe71316160",
    "profileImageUrl" : "http://pbs.twimg.com/profile_images/1035375829608349696/1UWxPcqZ_normal.jpg",
    "postedTime" : "3/20/19 1:04 PM"
  }, {
    "statusId" : "1108353584570253312",
    "text" : "@realDonaldTrump Seriously?\nIf I spent this much time tweeting my boss would fire me.\nAs your boss, however, I say,… https://t.co/CO3uLye2FM",
    "url" : "https://twitter.com/i/web/status/1108353584570253312",
    "userName" : "resistancemom47",
    "profileImageUrl" : "http://pbs.twimg.com/profile_images/1042796271080284161/7CtO25c-_normal.jpg",
    "postedTime" : "3/20/19 1:04 PM"
  }, {
    "statusId" : "1108353248417759234",
    "text" : "Deer Park chemical fire extinguished overnight, ITC says https://t.co/4ax73vaDu7",
    "url" : "https://www.houstonchronicle.com/news/houston-texas/houston/article/Deer-Park-chemical-fire-extinguished-overnight-13702369.php?utm_campaign=CMS%20Sharing%20Tools%20(Premium)&utm_source=t.co&utm_medium=referral",
    "userName" : "DHintheLionsDen",
    "profileImageUrl" : "http://pbs.twimg.com/profile_images/612682762424717312/q7paX9dE_normal.jpg",
    "postedTime" : "3/20/19 1:03 PM"
  }, {
    "statusId" : "1108352884809351168",
    "text" : "The chemical fire in Texas is still going and is expected to burn for days as the Houston region is covered in dark… https://t.co/7YSaKUIi9Z",
    "url" : "https://twitter.com/i/web/status/1108352884809351168",
    "userName" : "environment",
    "profileImageUrl" : "http://pbs.twimg.com/profile_images/1073592190557962240/Tq1GPDbx_normal.jpg",
    "postedTime" : "3/20/19 1:01 PM"
  }, {
    "statusId" : "1108352849509965826",
    "text" : "From knowing where fire extinguishers are located to safely cooking late-night snacks, every college kid should be… https://t.co/rmjgPqXaOh",
    "url" : "https://twitter.com/i/web/status/1108352849509965826",
    "userName" : "AllstatePayne",
    "profileImageUrl" : "http://pbs.twimg.com/profile_images/924313803482742784/CUGHjsBG_normal.jpg",
    "postedTime" : "3/20/19 1:01 PM"
  }, {
    "statusId" : "1108352711920181252",
    "text" : "A Brown University researcher whose work on gender dysphoria came under fire says she's \"very happy\" with a revised… https://t.co/2wJQsoe0TB",
    "url" : "https://twitter.com/i/web/status/1108352711920181252",
    "userName" : "chronicle",
    "profileImageUrl" : "http://pbs.twimg.com/profile_images/2263651251/che_twitter_053012_normal.png",
    "postedTime" : "3/20/19 1:00 PM"
  }, {
    "statusId" : "1108352686963998723",
    "text" : "@KevinMKruse When it isn't on fire, of course.",
    "url" : null,
    "userName" : "maguire1166",
    "profileImageUrl" : "http://pbs.twimg.com/profile_images/1019037069891571712/USusmX3d_normal.jpg",
    "postedTime" : "3/20/19 1:00 PM"
  }, {
    "statusId" : "1108352492432179201",
    "text" : "Camping among, not under, the stars. https://t.co/7sG8Te4WFe",
    "url" : "https://www.washingtonpost.com/lifestyle/travel/old-fire-lookouts-offer-sleepovers-with-history-panoramas-and-unexpected-comfort/2019/03/14/705b4bbe-3ae6-11e9-aaae-69364b2ed137_story.html?utm_term=.a68b59105cf0",
    "userName" : "WaPoTravel",
    "profileImageUrl" : "http://pbs.twimg.com/profile_images/880206109771841537/Mhmmvv1z_normal.jpg",
    "postedTime" : "3/20/19 1:00 PM"
  }, {
    "statusId" : "1108352491123412992",
    "text" : "FLAMES PUT OUT | Crews finally extinguished a fire that burned for 4 days at a Houston-area petrochemicals storage… https://t.co/5boHwnw0Qw",
    "url" : "https://twitter.com/i/web/status/1108352491123412992",
    "userName" : "FOXBaltimore",
    "profileImageUrl" : "http://pbs.twimg.com/profile_images/458707960122703872/2R-pwvxs_normal.jpeg",
    "postedTime" : "3/20/19 1:00 PM"
  }, {
    "statusId" : "1108352443019116545",
    "text" : "Chicago Politics Have Been In Play During Jussie Smollett Investigation, State Attorney Now Under Fire https://t.co/ZPk9zxiTfe",
    "url" : "https://www.redstate.com/bradslager/2019/03/20/chicago-politics-play-jussie-smollett-investigation-state-attorney-now-fire/?utm_source=Twitter&utm_medium=social&utm_term=chicago-politics-play-jussie-smollett-investigation-state-attorney-now-fire&utm_content=0&utm_campaign=PostPromoterPro",
    "userName" : "RedState",
    "profileImageUrl" : "http://pbs.twimg.com/profile_images/3153911530/20ba1b5b03d54f0f7fae18dcbc4f7910_normal.jpeg",
    "postedTime" : "3/20/19 12:59 PM"
  }, {
    "statusId" : "1108352373267800065",
    "text" : "@LondonFire @peppapig But the fire \"people\"/\"animals\" in the cartoon #PeppaPig were female.\nSurely they should have… https://t.co/jGMFyJQVU4",
    "url" : "https://twitter.com/i/web/status/1108352373267800065",
    "userName" : "StrawberryAsd",
    "profileImageUrl" : "http://pbs.twimg.com/profile_images/1082709804341174273/0xym5-8B_normal.jpg",
    "postedTime" : "3/20/19 12:59 PM"
  }, {
    "statusId" : "1108352321547878402",
    "text" : "Grand Opening Eatery has Opened on U Street with \"Great fire baked Chicago and New York style pizza\" Peep the menu… https://t.co/v0nHorYFS4",
    "url" : "https://twitter.com/i/web/status/1108352321547878402",
    "userName" : "PoPville",
    "profileImageUrl" : "http://pbs.twimg.com/profile_images/915316138720063493/yWPlXcWE_normal.jpg",
    "postedTime" : "3/20/19 12:59 PM"
  }, {
    "statusId" : "1108351876230270978",
    "text" : "A ⁦@VolckerAlliance⁩ panel on G2U -found students using interdisciplinary tech to help ID solutions to public probl… https://t.co/sxrQCE595z",
    "url" : "https://twitter.com/i/web/status/1108351876230270978",
    "userName" : "JMKamensky",
    "profileImageUrl" : "http://pbs.twimg.com/profile_images/1095675523790000129/cSyBwwyE_normal.png",
    "postedTime" : "3/20/19 12:57 PM"
  }, {
    "statusId" : "1108351766632894476",
    "text" : "Wildfire doesn't respect state lines, neither should our controlled burns! What does it take to do a state line bur… https://t.co/qmNzbYXnbD",
    "url" : "https://twitter.com/i/web/status/1108351766632894476",
    "userName" : "APfirescience",
    "profileImageUrl" : "http://pbs.twimg.com/profile_images/527842125623218176/t5l_MHh8_normal.png",
    "postedTime" : "3/20/19 12:57 PM"
  }, {
    "statusId" : "1108351483219709953",
    "text" : "Family and friends said their goodbyes to a beloved pastor, his wife and daughter at a funeral service at Antioch M… https://t.co/8xcMU2c3pw",
    "url" : "https://twitter.com/i/web/status/1108351483219709953",
    "userName" : "christianhomesc",
    "profileImageUrl" : "http://pbs.twimg.com/profile_images/1840778938/dyscalpic_normal.jpg",
    "postedTime" : "3/20/19 12:56 PM"
  }, {
    "statusId" : "1108351103563902976",
    "text" : "The dumpster fire that is the Trump Administration. https://t.co/EyuErmkWkI",
    "url" : "https://nyti.ms/2USqN2k",
    "userName" : "Tusitalatale",
    "profileImageUrl" : "http://pbs.twimg.com/profile_images/579697858917564416/GriQtoHE_normal.jpg",
    "postedTime" : "3/20/19 12:54 PM"
  }, {
    "statusId" : "1108350962404655104",
    "text" : "The funny thing about Kellyanne is she generates tons of bad press for Trump when she says stupid stuff on TV, and… https://t.co/1Joo9pXt82",
    "url" : "https://twitter.com/i/web/status/1108350962404655104",
    "userName" : "simonowens",
    "profileImageUrl" : "http://pbs.twimg.com/profile_images/583277972905332736/jAS680Fs_normal.jpg",
    "postedTime" : "3/20/19 12:53 PM"
  }, {
    "statusId" : "1108350734368595969",
    "text" : "'Iranian people defy regime’s threats, celebrate national Fire Festival day,' reports @Mojahedineng. #IranProtests… https://t.co/ARbwwuxrNR",
    "url" : "https://twitter.com/i/web/status/1108350734368595969",
    "userName" : "NCRIUS",
    "profileImageUrl" : "http://pbs.twimg.com/profile_images/701635639347773440/v33MX-xe_normal.png",
    "postedTime" : "3/20/19 12:53 PM"
  }, {
    "statusId" : "1108350189591506944",
    "text" : "This North Korea circle the wagons suggest some provocation, on the road back to fire &amp; fury may bein the cards. Go… https://t.co/Kb1XUIPn9w",
    "url" : "https://twitter.com/i/web/status/1108350189591506944",
    "userName" : "Rmanning4",
    "profileImageUrl" : "http://pbs.twimg.com/profile_images/488710080661975040/0NoKtOOa_normal.jpeg",
    "postedTime" : "3/20/19 12:50 PM"
  }, {
    "statusId" : "1108350132427386880",
    "text" : "Epehsians 4:17 This I say therefore, and testify in the Lord, that ye henceforth walk not as other Gentiles walk, i… https://t.co/YpNB4jChMM",
    "url" : "https://twitter.com/i/web/status/1108350132427386880",
    "userName" : "womanofpraisek",
    "profileImageUrl" : "http://pbs.twimg.com/profile_images/810969692470845440/7gu1-tkz_normal.jpg",
    "postedTime" : "3/20/19 12:50 PM"
  }, {
    "statusId" : "1108349904961847298",
    "text" : "Maryam Rajavi, President-elect of the NCRI: In celebrating the traditional Feast of Fire, marking the end of Persia… https://t.co/lsAVXj9KRI",
    "url" : "https://twitter.com/i/web/status/1108349904961847298",
    "userName" : "NCRIUS",
    "profileImageUrl" : "http://pbs.twimg.com/profile_images/701635639347773440/v33MX-xe_normal.png",
    "postedTime" : "3/20/19 12:49 PM"
  }, {
    "statusId" : "1108349800842436608",
    "text" : "“Imma gonna ride it do it just like you like itttt \uD83D\uDE2D” @iamcardib I’m gonna need another job ! They gonna fire me if… https://t.co/MNcZ4cEwnG",
    "url" : "https://twitter.com/i/web/status/1108349800842436608",
    "userName" : "tokinblvkgirll",
    "profileImageUrl" : "http://pbs.twimg.com/profile_images/935896596339970048/OnupevT3_normal.jpg",
    "postedTime" : "3/20/19 12:49 PM"
  }, {
    "statusId" : "1108349680314810368",
    "text" : "@KrisComics What about Fire Emblem?",
    "url" : null,
    "userName" : "Rainbow_panda92",
    "profileImageUrl" : "http://pbs.twimg.com/profile_images/1101526128257187840/yuZBDjxH_normal.jpg",
    "postedTime" : "3/20/19 12:48 PM"
  }, {
    "statusId" : "1108349392224956416",
    "text" : "Units responding to a report of a Outside Fire on Rte 1 North And Pine Tree Rd Underpass in New Castle County",
    "url" : null,
    "userName" : "TFC_26",
    "profileImageUrl" : "http://pbs.twimg.com/profile_images/698537892570914816/PGJ3OIsr_normal.png",
    "postedTime" : "3/20/19 12:47 PM"
  }, {
    "statusId" : "1108349144010235904",
    "text" : "Crews from @LFRS_USAR &amp; @Leyland_Fire attended a road traffic collision on the M6 northbound this morning https://t.co/s2Qh35djz3",
    "url" : "https://goo.gl/AzWkfN",
    "userName" : "LancashireFRS",
    "profileImageUrl" : "http://pbs.twimg.com/profile_images/1575095017/LFRS_Crest-web_normal.jpg",
    "postedTime" : "3/20/19 12:46 PM"
  }, {
    "statusId" : "1108349036547969027",
    "text" : "@realDonaldTrump I don’t trust her.  Fire her!",
    "url" : null,
    "userName" : "Lake4963",
    "profileImageUrl" : "http://pbs.twimg.com/profile_images/638755999923376129/dD-KIC4m_normal.jpg",
    "postedTime" : "3/20/19 12:46 PM"
  }, {
    "statusId" : "1108348720968548352",
    "text" : "03-20-2019 08:43:14 / RESIDENTIAL / SINGLE-FAMILY / FIRE / SMOKE (PRE-ALERT) / WASHCO: @ MA-WASHINGTON CNTY:9702 CO… https://t.co/jvmoBCWMFO",
    "url" : "https://twitter.com/i/web/status/1108348720968548352",
    "userName" : "FredScanner",
    "profileImageUrl" : "http://pbs.twimg.com/profile_images/664064649759993856/-eob4sKp_normal.png",
    "postedTime" : "3/20/19 12:45 PM"
  }, {
    "statusId" : "1108348495411462146",
    "text" : "UPDATE: That petrochemical fire burning in Houston has been contained. But it could flare back up --&gt;\n\nhttps://t.co/UP0RcMHj1b",
    "url" : "http://time.com/5554796/houston-petrochemicals-fire-contained/",
    "userName" : "CoriC_FOX5DC",
    "profileImageUrl" : "http://pbs.twimg.com/profile_images/1089276111719186432/ebSa0P-j_normal.jpg",
    "postedTime" : "3/20/19 12:44 PM"
  }, {
    "statusId" : "1108348440004775937",
    "text" : "@WolfeManXXIII Yea but hopefully he drop a fire album",
    "url" : null,
    "userName" : "asap_ant1990",
    "profileImageUrl" : "http://pbs.twimg.com/profile_images/921814160157151232/cvjvMlgp_normal.jpg",
    "postedTime" : "3/20/19 12:43 PM"
  }, {
    "statusId" : "1108348418068492291",
    "text" : "Update - Tucker Lane, No Fire Emergency https://t.co/2nkBz7J7Xi",
    "url" : "https://twitter.com/mcfrspio/status/1108346331528073217",
    "userName" : "mcfrsPIO",
    "profileImageUrl" : "http://pbs.twimg.com/profile_images/734728128036229120/WQLtZepB_normal.jpg",
    "postedTime" : "3/20/19 12:43 PM"
  }, {
    "statusId" : "1108348075632967680",
    "text" : "The fire occurred in the 3100 block of Decatur Street. The Red Cross is assisting the displaced residents.  https://t.co/tEhg9tcUdh",
    "url" : "http://www.nbc12.com/2019/03/20/family-displaced-richmond-house-fire/",
    "userName" : "NBC12",
    "profileImageUrl" : "http://pbs.twimg.com/profile_images/1103235037011562496/ajkSxb1V_normal.png",
    "postedTime" : "3/20/19 12:42 PM"
  }, {
    "statusId" : "1108348041034121216",
    "text" : "Deer Park chemical fire extinguished overnight, ITC says. https://t.co/B3yB2FcZEa",
    "url" : "http://bit.ly/2uifzsn",
    "userName" : "EITMonline",
    "profileImageUrl" : "http://pbs.twimg.com/profile_images/1080210071265644544/NSmnzNxK_normal.jpg",
    "postedTime" : "3/20/19 12:42 PM"
  }, {
    "statusId" : "1108347777875099650",
    "text" : "the greatest lesson I learned out in the jungle was to never go looking for love.. just build a fire and let it find you.",
    "url" : null,
    "userName" : "Negronometry",
    "profileImageUrl" : "http://pbs.twimg.com/profile_images/1108202332234366978/ekcB4vrz_normal.jpg",
    "postedTime" : "3/20/19 12:41 PM"
  }, {
    "statusId" : "1108347446214696964",
    "text" : "There’s gotta be like a 10 alarm fire going on, 7 emergency vehicles have flown past my apartment In the last 5 minutes",
    "url" : null,
    "userName" : "KGcait",
    "profileImageUrl" : "http://pbs.twimg.com/profile_images/1084721411640492032/pifs483b_normal.jpg",
    "postedTime" : "3/20/19 12:39 PM"
  }, {
    "statusId" : "1108347318418448394",
    "text" : "03-20-2019 08:36:45 / RESIDENTIAL / SINGLE-FAMILY / FIRE / SMOKE (PRE-ALERT) / WASHCO: @ MA-WASHINGTON CNTY:9702 CO… https://t.co/53s7xXjXqx",
    "url" : "https://twitter.com/i/web/status/1108347318418448394",
    "userName" : "FredScanner",
    "profileImageUrl" : "http://pbs.twimg.com/profile_images/664064649759993856/-eob4sKp_normal.png",
    "postedTime" : "3/20/19 12:39 PM"
  }, {
    "statusId" : "1108347288718659591",
    "text" : "@SaintBanned @Azvree_ bin fire",
    "url" : null,
    "userName" : "Teqzaahh",
    "profileImageUrl" : "http://pbs.twimg.com/profile_images/1107669936095313922/eyoi9vW8_normal.jpg",
    "postedTime" : "3/20/19 12:39 PM"
  }, {
    "statusId" : "1108347172284784643",
    "text" : "Rick James &amp; Teeena Marie Fire &amp; Desire https://t.co/CAaZmp0IwT via @YouTube . . .",
    "url" : "https://youtu.be/Gm1ibHUyJjA",
    "userName" : "Christalso",
    "profileImageUrl" : "http://pbs.twimg.com/profile_images/426233014926864385/fICLt22r_normal.jpeg",
    "postedTime" : "3/20/19 12:38 PM"
  }, {
    "statusId" : "1108347070534967301",
    "text" : "It's hard to fire these people last I heard. https://t.co/6aVbisGpDS",
    "url" : "https://twitter.com/TheOfficerTatum/status/1108222919119765504",
    "userName" : "DavidH_QFD_X",
    "profileImageUrl" : "http://pbs.twimg.com/profile_images/1011734336645689344/VjN-dmYb_normal.jpg",
    "postedTime" : "3/20/19 12:38 PM"
  }, {
    "statusId" : "1108346975739621376",
    "text" : "@GerryAndersonTV I note his hands are properly cupped in front of his ears with his mouth slightly open - this is t… https://t.co/M3meLNbCkX",
    "url" : "https://twitter.com/i/web/status/1108346975739621376",
    "userName" : "VAXHeadroom",
    "profileImageUrl" : "http://pbs.twimg.com/profile_images/1095511900568326144/33yTMb-H_normal.png",
    "postedTime" : "3/20/19 12:38 PM"
  }, {
    "statusId" : "1108346220890783744",
    "text" : "It is vital to know the location of all fire dampers for testing. We can help you. https://t.co/AsU8ndHIUi https://t.co/H1ic74PFwq",
    "url" : "http://ow.ly/9jXg30o2ywA",
    "userName" : "Swiftclean",
    "profileImageUrl" : "http://pbs.twimg.com/profile_images/2286799133/lruxae8ra4r3kte3cmdy_normal.jpeg",
    "postedTime" : "3/20/19 12:35 PM"
  } ]
}