[{
    "createdBy": "blitoff",
    "createdDate": "2019-03-14T11:54:25.000+0000",
    "geometry":"{\"type\":\"Point\",\"coordinates\":[-73.9343059,40.7978781]}",
    "id": "713",
    "name": "sasf",
    "properties": {
        "latlng": {
            "latitude": "40.797878", "longitude": "-73.934306"
            }},
    "address": "2321 1st Avenue, New York, NY 10035, USA",
    "latlng": {"latitude": 40.797878, "longitude": -73.934306},
    "latitude": "40.797878",
    "longitude": "-73.934306",
    "type": "Predefined Location",
    "updatedDate": null
}]