
[{"type":"personResource",
"createdBy":"blitoff",
"createdDate":"2019-03-15T07:32:05.163+0000",
"lastModifiedBy":"blitoff",
"lastModifiedDate":"2019-03-18T17:17:39.815+0000",
"entityId":"3a96b235-5375-4503-a975-6e60908c153c",
"dataModel":"RESOURCE",
"organizationName":"test-org1",
"resourceName":"Kings County resource",
"resourceObject":"Person",
"resourceType":"eas-users",
"assigned":true,
"status":"NotAvailable",
"assignedTo":"0138fabe-fbaa-453b-ad39-6b77105bd0fc",
"geometry":"{\"type\":\"Point\",\"coordinates\":[-73.987103,40.688001]}",
"properties":{
},
"address":{
"dateFirstReported":null,
"dateLastReported":null,
"streetAddress1":"345, Atlantic Ave",
"streetAddress2":"",
"city":"",
"zip":"11201-5829",
"state":"NY",
"county":"Kings County",
"geocodedAddress":null,
"locationId":null,
"poBox":false,
"searchAddress":false,
"sourceType":"UNKNOWN"
},
"dispatchAddress":{
"dateFirstReported":null,
"dateLastReported":null,
"streetAddress1":"",
"streetAddress2":"",
"city":"Boulder",
"zip":"",
"state":"CO",
"county":"Boulder County",
"geocodedAddress":null,
"locationId":null,
"poBox":false,
"searchAddress":false,
"sourceType":"UNKNOWN"
},
"capabilities":{
"":""
},
"abilities":{
"":""
},
"name":{
"namePrefix":"",
"nameSuffix":"",
"firstName":"",
"middleName":"",
"lastName":"",
"sourceType":"UNKNOWN"
},
"gender":"MALE",
"dob":null,
"email":null,
"phone":{
"number":null,
"phoneType":"BUSINESS",
"carrier":null,
"sourceType":"UNKNOWN"
},
"intrepidCallSign":"",
"kodiakMdn":null,
"lastKodiakUpdateDate":null
},
{
"type":"personResource",
"createdBy":"blitoff",
"createdDate":"2019-03-15T09:34:00.063+0000",
"lastModifiedBy":"blitoff",
"lastModifiedDate":"2019-03-19T09:01:19.267+0000",
"entityId":"2c0e7329-f04a-4cc1-a333-e7a3235f010b",
"dataModel":"RESOURCE",
"organizationName":"test-org1",
"resourceName":"Washington Resource",
"resourceObject":"Person",
"resourceType":"eas-users",
"assigned":true,
"status":"NotAvailable",
"assignedTo":"8355eaa8-7068-4a75-99e3-e84aa41f9dd7",
"geometry":"{\"type\":\"Point\",\"coordinates\":[-120.740139,47.751074]}",
"properties":{
},
"address":{
"dateFirstReported":null,
"dateLastReported":null,
"streetAddress1":"",
"streetAddress2":"",
"city":"",
"zip":"",
"state":"WA",
"county":"",
"geocodedAddress":null,
"locationId":null,
"poBox":false,
"searchAddress":false,
"sourceType":"UNKNOWN"
},
"dispatchAddress":{
"dateFirstReported":null,
"dateLastReported":null,
"streetAddress1":"310, McMillan Dr NW",
"streetAddress2":"",
"city":"Washington",
"zip":"20001-1032",
"state":"DC",
"county":"",
"geocodedAddress":null,
"locationId":null,
"poBox":false,
"searchAddress":false,
"sourceType":"UNKNOWN"
},
"capabilities":{
"":""
},
"abilities":{
"":""
},
"name":{
"namePrefix":"",
"nameSuffix":"",
"firstName":"",
"middleName":"",
"lastName":"",
"sourceType":"UNKNOWN"
},
"gender":"MALE",
"dob":null,
"email":null,
"phone":{
"number":null,
"phoneType":"BUSINESS",
"carrier":null,
"sourceType":"UNKNOWN"
},
"intrepidCallSign":"",
"kodiakMdn":null,
"lastKodiakUpdateDate":null
}]