[
    {
    "createdBy": "blitoff",
    "createdDate": "2019-03-15T11:58:14.243+0000",
    "description": "[mfRowsOnPage]=3",
    "entityId": "1b0d334a-aacb-4143-95a8-f1d35870c4c6",
    "lastModifiedBy": "blitoff",
    "lastModifiedDate": "2019-03-15T11:58:14.243+0000",
    "name": "[mfRowsOnPage]=3",
    "organizationName": "test-org1",
    "resources":  ["805b709b-9792-4a98-9ea4-4aeb4c4b89b8", "dcbe4dd0-3359-44e8-b0f6-2186cc7f9c80"]
    },
    {
    "createdBy": "blitoff",
    "createdDate": "2019-03-18T14:46:42.517+0000",
    "description": "avengers",
    "entityId": "d610b11c-2a3d-4525-be08-453abb6d0076",
    "lastModifiedBy": "blitoff",
    "lastModifiedDate": "2019-03-15T11:58:14.243+0000",
    "name": "avengers",
    "organizationName": "test-org1",
    "resources":  ["f09478ac-7b8b-4a29-9a4b-fa245ca9dac6", "ecbb74eb-5baf-44fc-a1bd-9c202ab9d1db"]
    }
    ]
    