{
  "createdBy" : "blitoff",
  "createdDate" : "2019-03-20T08:47:23.306+0000",
  "lastModifiedBy" : "blitoff",
  "lastModifiedDate" : "2019-03-20T13:05:26.757+0000",
  "entityId" : "944d3dff-870e-4329-9d7d-c22f6a3ffa8e",
  "dataModel" : "EVENT",
  "creator" : "blitoff",
  "eventName" : "chemical event",
  "organizationName" : "test-org1",
  "address" : {
    "dateFirstReported" : null,
    "dateLastReported" : null,
    "streetAddress1" : "2000, U St NW",
    "streetAddress2" : "",
    "city" : "Washington",
    "zip" : "20007",
    "state" : "DC",
    "county" : "",
    "geocodedAddress" : null,
    "locationId" : null,
    "poBox" : false,
    "searchAddress" : false,
    "sourceType" : "UNKNOWN"
  },
  "eventNotes" : [ {
    "createdBy" : null,
    "createdDate" : null,
    "lastModifiedBy" : null,
    "lastModifiedDate" : null,
    "entityId" : "944d3dff-870e-4329-9d7d-c22f6a3ffa8e",
    "eventName" : "chemical event",
    "creator" : "blitoff",
    "comment" : "chemical event"
  } ],
  "eventDesc" : "chemical event",
  "closedOn" : null,
  "assignedResources" : null,
  "assignedAnnotations" : null,
  "contributors" : null,
  "absorbes" : null,
  "absorber" : null,
  "geometry" : "{\"type\":\"Polygon\",\"coordinates\":[[[-77.08522435,38.92452354],[-77.08428022,38.91799607],[-77.09372159,38.91514116],[-77.10262652,38.90809521],[-77.11269017,38.91023245],[-77.10140343,38.91988258],[-77.08522435,38.92452354]]]}",
  "properties" : {
    "eventAddress" : {
      "streetAddress1" : "2000, U St NW",
      "streetAddress2" : "",
      "city" : "Washington",
      "zip" : "20007",
      "state" : "DC",
      "county" : "",
      "geocodedAddress" : null
    },
    "closedOn" : null,
    "assignedAnnotations" : null,
    "eventDesc" : "chemical event",
    "assignedResources" : null,
    "absorbes" : null,
    "eventName" : "chemical event",
    "absorber" : null,
    "memberOf" : null,
    "creator" : "blitoff",
    "organizationName" : "test-org1",
    "lastModifiedDate" : "2019-03-20T12:33:14.573+0000",
    "msdsKeywords" : [ "chlorine","Nitrogen" ],
    "eventType" : "CHEMICAL SPILL",
    "fill" : "",
    "priority" : "low",
    "stroke" : "",
    "socialMediaKeywords" : [ "fire", "accident" ],
    "intrepidId" : null,
    "stroke-opacity" : 1,
    "createdDate" : "2019-03-20T08:47:23.306+0000",
    "stroke-width" : 0,
    "contributors" : null,
    "fill-opacity" : 0.35,
    "eventNotes" : [ {
      "entityId" : "944d3dff-870e-4329-9d7d-c22f6a3ffa8e",
      "eventName" : "chemical event",
      "creator" : "blitoff",
      "comment" : "chemical event"
    } ],
    "eventDate" : ""
  },
  "attachedFilesId" : ["5c9b5a840c96c50001553ca2"],
  "type" : "Event",
  "status" : "TERMINATED",
  "memberOf" : null,
  "priority" : "low",
  "intrepidId" : null,
  "eventType" : "CHEMICAL SPILL",
  "deleted" : false,
  "owner" : "EAS-USER"
}