{
  "socialMediaPosts" : [ {
    "statusId" : "106700260368364_144917093213347",
    "text" : "test fire",
    "url" : null,
    "userName" : "Eas-three",
    "profileImageUrl" : "https://graph.facebook.com/v2.3/106700260368364/picture",
    "postedTime" : "3/20/19 10:26 AM"
  }, {
    "statusId" : "106700260368364_144553903249666",
    "text" : "Graph test on fire",
    "url" : "https://scontent.xx.fbcdn.net/v/t1.0-0/p130x130/55708906_144553836583006_2400186986687102976_n.jpg?_nc_cat=104&_nc_ht=scontent.xx&oh=722a34620ed69c78ab991ef9ad589e31&oe=5D07A2C3",
    "userName" : "Eas-three",
    "profileImageUrl" : "https://graph.facebook.com/v2.3/106700260368364/picture",
    "postedTime" : "3/18/19 6:59 PM"
  }, {
    "statusId" : "106700260368364_144548789916844",
    "text" : "test fire event at Colorado",
    "url" : null,
    "userName" : "Eas-three",
    "profileImageUrl" : "https://graph.facebook.com/v2.3/106700260368364/picture",
    "postedTime" : "3/18/19 6:42 PM"
  }, {
    "statusId" : "106700260368364_144548106583579",
    "text" : "there is test fire at first avenue",
    "url" : null,
    "userName" : "Eas-three",
    "profileImageUrl" : "https://graph.facebook.com/v2.3/106700260368364/picture",
    "postedTime" : "3/18/19 6:36 PM"
  }, {
    "statusId" : "106700260368364_120636898974700",
    "text" : "Fire horse",
    "url" : "https://scontent.xx.fbcdn.net/v/t1.0-0/s130x130/49012551_120636835641373_2350715513262309376_n.jpg?_nc_cat=103&_nc_ht=scontent.xx&oh=9056f890e466b191cfbce0a2924f7ac3&oe=5D0CCB92",
    "userName" : "Eas-three",
    "profileImageUrl" : "https://graph.facebook.com/v2.3/106700260368364/picture",
    "postedTime" : "12/27/18 4:31 PM"
  }, {
    "statusId" : "106700260368364_120160425689014",
    "text" : "Fire AKSS Test 1",
    "url" : "https://scontent.xx.fbcdn.net/v/t1.0-0/s130x130/48985328_120160232355700_1272281626469990400_n.jpg?_nc_cat=103&_nc_ht=scontent.xx&oh=0951d7d11d1a8f4a12ddf67316256b2a&oe=5D050B69",
    "userName" : "Eas-three",
    "profileImageUrl" : "https://graph.facebook.com/v2.3/106700260368364/picture",
    "postedTime" : "12/26/18 11:54 AM"
  }, {
    "statusId" : "106700260368364_120159382355785",
    "text" : "Fire AKSS Test",
    "url" : "https://scontent.xx.fbcdn.net/v/t1.0-0/s130x130/49144902_120159349022455_7620391590883753984_n.jpg?_nc_cat=104&_nc_ht=scontent.xx&oh=352b2e91470b19eabc97d41cd0ab04b9&oe=5D05E79F",
    "userName" : "Eas-three",
    "profileImageUrl" : "https://graph.facebook.com/v2.3/106700260368364/picture",
    "postedTime" : "12/26/18 11:52 AM"
  }, {
    "statusId" : "106700260368364_120158602355863",
    "text" : "Fire",
    "url" : "https://scontent.xx.fbcdn.net/v/t1.0-0/s130x130/48429793_120158542355869_3733172173385236480_n.jpg?_nc_cat=104&_nc_ht=scontent.xx&oh=f959152e9f8c8a6cd07a13562aeb1660&oe=5D0DED16",
    "userName" : "Eas-three",
    "profileImageUrl" : "https://graph.facebook.com/v2.3/106700260368364/picture",
    "postedTime" : "12/26/18 11:49 AM"
  }, {
    "statusId" : "106700260368364_117550732616650",
    "text" : "Fire broke in Los angels.. please help.. Emergency",
    "url" : "https://scontent.xx.fbcdn.net/v/t1.0-0/s130x130/48427288_117550702616653_709872637064511488_n.jpg?_nc_cat=104&_nc_ht=scontent.xx&oh=736c57a85cba450ecd348271945f337c&oe=5D1D57BE",
    "userName" : "Eas-three",
    "profileImageUrl" : "https://graph.facebook.com/v2.3/106700260368364/picture",
    "postedTime" : "12/20/18 2:41 PM"
  }, {
    "statusId" : "106700260368364_117548659283524",
    "text" : "Fire Event - Testing",
    "url" : "https://scontent.xx.fbcdn.net/v/t1.0-0/p130x130/48409283_117548615950195_3478463557417304064_n.jpg?_nc_cat=101&_nc_ht=scontent.xx&oh=5164a4b1b2a6ee0c421d7485044809e5&oe=5D0CBC8C",
    "userName" : "Eas-three",
    "profileImageUrl" : "https://graph.facebook.com/v2.3/106700260368364/picture",
    "postedTime" : "12/20/18 2:38 PM"
  }, {
    "statusId" : "106700260368364_117548022616921",
    "text" : "Fire Incident in Chicago.. EAS team please rush to the spot..",
    "url" : "https://scontent.xx.fbcdn.net/v/t1.0-0/s130x130/48381675_117547922616931_1588536694292873216_n.jpg?_nc_cat=102&_nc_ht=scontent.xx&oh=4841c8ce65f45c4b7dc4b11499c1a0fe&oe=5D50678B",
    "userName" : "Eas-three",
    "profileImageUrl" : "https://graph.facebook.com/v2.3/106700260368364/picture",
    "postedTime" : "12/20/18 2:37 PM"
  } ]
}