[{
    "address":{
    "city": "Chicago",
    "county": "Cook County",
    "dateFirstReported": null,
    "dateLastReported": null,
    "geocodedAddress": null,
    "locationId": null,
    "poBox": false,
    "searchAddress": false,
    "sourceType": "UNKNOWN",
    "state": "IL",
    "streetAddress1": "",
    "streetAddress2": "",
    "zip": ""
    },
    "createdBy": null,
    "createdDate": "2019-01-22T15:34:57.264+0000",
    "easWorkspaceName": "Default_workspace",
    "entityId": "12077516-6b47-4c45-bd4f-193f090553b9",
    "geometry":"{\"type\":\"Point\",\"coordinates\":[-87.6297982,41.8781136]}",
    "lastModifiedBy": "blitoff",
    "lastModifiedDate": "2019-01-29T15:19:59.270+0000",
    "organizationName": "test-org1",
    "properties":{
    "eventId": "",
    "filtersState":{
    "311": true,
    "Agency": true,
    "Annotations": true,
    "EAS-Users": true,
    "EVENT": true,
    "Field-Person": true,
    "Fire": true,
    "Fuel": true,
    "Hospital": true,
    "Hydrant": true,
    "Law": true,
    "Location": true,
    "Medical": true,
    "Sensor": false,
    "TMC": true,
    "Weather": true
    },
    "mapLayers":{
    "bicycle": false,
    "traffic": false,
    "transit": false
    },
    "mapTypeInfo":{
    "labels": false,
    "terrain": false,
    "type": "roadmap"
    },
    "zoomLevel": 13
    },
    "userName": "blitoff"
    },
    {
    "address":{
    "city": "Dunkirk",
    "county": "Calvert County",
    "dateFirstReported": null,
    "dateLastReported": null,
    "geocodedAddress": null,
    "locationId": null,
    "poBox": false,
    "searchAddress": false,
    "sourceType": "UNKNOWN",
    "state": "MD",
    "streetAddress1": "10520, Ward Rd",
    "streetAddress2": "",
    "zip": "20754-2730"
    },
    "createdBy": null,
    "createdDate": "2019-01-23T12:39:39.255+0000",
    "easWorkspaceName": "Test Work Space",
    "entityId": "f50faedf-df72-4640-b5ef-a0a3c347dcb6",
    "geometry":"{\"type\":\"Point\",\"coordinates\":[-76.64231209,38.72382123]}",
    "lastModifiedBy": "blitoff",
    "lastModifiedDate":"2019-01-23T14:46:40.203+0000",
    "organizationName": "test-org1",
    "properties":{
    "eventId": "590964e2-d1b4-4fbc-9a82-85da80e51ac8",
    "filtersState":{
    "311": true,
    "Agency": true,
    "Annotations": true,
    "EAS-Users": true,
    "EVENT": true,
    "Field-Person": true,
    "Fire": true,
    "Fuel": true,
    "Hospital": true,
    "Hydrant": true,
    "Law": true,
    "Location": true,
    "Medical": true,
    "Sensor": false,
    "TMC": true,
    "Weather": true
    },
    "mapLayers":{
    "bicycle": false,
    "traffic": false,
    "transit": false
    },
    "mapTypeInfo":{
    "labels": false,
    "terrain": false,
    "type": "roadmap"
    },
    "zoomLevel": "22"
    },
    "userName": "blitoff"
    }
]