{
    "production": false,
    "redirectUri": "http://localhost:8055/powerdata/openid_connect_login",
    "userServiceUrl": "http://localhost:8055/powerdata/api/v1/user/userinfo",
    "authServiceUrl": "http://localhost:8055/powerdata/api/loginProviderUrl/",
    "targetUri": "http://localhost:8055/appconsole",
    "dmsStreamUrl": "http://localhost:8090/powerdata/monitorGeoBox",
    "eventServiceUrl": "http://localhost:8055/powerdata/api/v1/admin/event",
    "locationServiceUrl": "http://localhost:8055/powerdata/api/v1/user",
    "situationaldataUrl": "http://localhost:8055/powerdata/api/v1/SituationalData",
    "annotationServiceUrl": "http://localhost:8055/powerdata/api/v1/admin/resource",
    "resourceServiceUrl": "http://localhost:8055/powerdata/api/v1/admin/resource",
    "powerdataSearchUrl": "https://eas-edge.dev.powerdata.west.com/powerdata/api/v1/search",
    "sensorServiceUrl": "https://localhost:8055/powerdata/api/v1/sensor"
}