{
    "production": false,
    "redirectUri": "https://eas-edge.sqa.powerdata.west.com/powerdata/openid_connect_login",
    "userServiceUrl": "https://eas-edge.sqa.powerdata.west.com/powerdata/api/v1/user/userinfo",
    "authServiceUrl": "https://eas-edge.sqa.powerdata.west.com/powerdata/api/loginProviderUrl/",
    "targetUri": "https://eas.sqa.powerdata.west.com/appconsole",
    "dmsStreamUrl": "https://data-monitor.sqa.powerdata.west.com/powerdata/monitorGeoBox",
    "eventServiceUrl": "https://eas-edge.sqa.powerdata.west.com/powerdata/api/v1/admin/event",
    "locationServiceUrl": "https://eas-edge.sqa.powerdata.west.com/powerdata/api/v1/user",
    "situationaldataUrl": "https://eas-edge.sqa.powerdata.west.com/powerdata/api/v1/SituationalData",
    "annotationServiceUrl": "https://eas-edge.sqa.powerdata.west.com/powerdata/api/v1/admin/resource",
    "resourceServiceUrl": "https://eas-edge.sqa.powerdata.west.com/powerdata/api/v1/admin/resource",
    "powerdataSearchUrl": "https://eas-edge.sqa.powerdata.west.com/powerdata/api/v1/search",
    "sensorServiceUrl": "https://eas-edge.sqa.powerdata.west.com/powerdata/api/v1/sensor"
}
